"Designator","Footprint","Mid X","Mid Y","Ref X","Ref Y","Pad X","Pad Y","Layer","Rotation","Comment"
""
"R111","RESC1608X55N","125.95mm","92.3083mm","125.95mm","92.3083mm","125.15mm","92.3083mm","T","360.00","10k"
"R43","RESC1608X55N","10.95mm","17.575mm","10.95mm","17.575mm","10.95mm","16.775mm","B","90.00","0"
"R42","RESC1608X55N","4.25mm","21.85mm","4.25mm","21.85mm","5.05mm","21.85mm","B","180.00","16k9"
"R41","RESC1608X55N","4.2mm","23.2mm","4.2mm","23.2mm","3.4mm","23.2mm","B","360.00","35k7"
"R40","RESC1608X55N","1.7772mm","22.202mm","1.7772mm","22.202mm","1.7772mm","21.402mm","T","90.00","0"
"R39","RESC1608X55N","1.7772mm","25.3259mm","1.7772mm","25.3259mm","1.7772mm","26.1259mm","T","270.00","0"
"R32","RESC1608X55N","28.0279mm","25.6907mm","28.0279mm","25.6907mm","28.828mm","25.6907mm","T","180.00","240"
"R30","RESC1608X55N","18.475mm","16.875mm","18.475mm","16.875mm","17.675mm","16.875mm","B","360.00","5k49"
"R29","RESC1608X55N","4.25mm","23.2125mm","4.25mm","23.2125mm","5.05mm","23.2125mm","T","180.00","0"
"R28","RESC1608X55N","4.25mm","24.6mm","4.25mm","24.6mm","3.45mm","24.6mm","T","360.00","0"
"R27","RESC1608X55N","12.675mm","17.675mm","12.675mm","17.675mm","12.675mm","18.475mm","B","270.00","0"
"R26","RESC1608X55N","18.425mm","16.65mm","18.425mm","16.65mm","17.625mm","16.65mm","T","360.00","28k7"
"R25","RESC1608X55N","18.4mm","20.5mm","18.4mm","20.5mm","19.2mm","20.5mm","T","180.00","35k7"
"C142","CAPC1608X87N","9.95mm","29.575mm","9.95mm","29.575mm","10.75mm","29.575mm","T","180.00","100nF"
"C141","CAPC1608X87N","4.25mm","26mm","4.25mm","26mm","3.45mm","26mm","B","360.00","15nF"
"C41","CAPC1608X87N","4.275mm","24.6mm","4.275mm","24.6mm","3.475mm","24.6mm","B","360.00","47pF"
"C39","CAPC1608X87N","4.25mm","26.0125mm","4.25mm","26.0125mm","3.45mm","26.0125mm","T","360.00","1uF"
"C38","CAPC1608X87N","13.85mm","18.45mm","13.85mm","18.45mm","14.65mm","18.45mm","T","180.00","100nF"
"C36","CAPC1608X87N","4.25mm","21.85mm","4.25mm","21.85mm","3.45mm","21.85mm","T","360.00","1uF"
"C35","CAPC1608X87N","14.625mm","17.65mm","14.625mm","17.65mm","14.625mm","16.85mm","B","90.00","15nF"
"C33","CAPC2012X135N","7.25mm","30.15mm","7.25mm","30.15mm","7.25mm","31.05mm","B","270.00","4.7uF"
"C29","CAPC1608X87N","18.425mm","18.725mm","18.425mm","18.725mm","19.225mm","18.725mm","T","180.00","100pF"
"X2","OSCSC508P500X700X180-4N","94.7mm","106.975mm","94.7mm","106.975mm","92.16mm","104.925mm","T","90.00","32.768MHz"
"U16","SO8","97.7373mm","39.6791mm","97.7373mm","39.6791mm","95.1341mm","41.5841mm","T","0.00","M24C32-WMN6TP"
"U15","SOP65P640X120-20N","118.525mm","95mm","118.525mm","95mm","121.425mm","92.075mm","T","180.00","TXS0108EPWR"
"U14","E-13.4X13.3-N100_0.75-TOP","109.3193mm","105.8659mm","115.9693mm","99.1659mm","115.2943mm","99.8409mm","T","90.00","WL1835"
"U13","SOP65P640X120-20N","103.55mm","94.775mm","103.55mm","94.775mm","100.65mm","97.7mm","T","360.00","TXS0108EPWR"
"U12","SO8","41.6209mm","-1.8866mm","41.6209mm","-1.8866mm","39.7159mm","-4.4898mm","T","90.00","LT1118CS8-2.5"
"U11","KS8995MA","116.875mm","57.25mm","116.875mm","57.25mm","125.025mm","48mm","T","180.00","KS8995MA"
"U3","CP-48-13_M","11.45mm","24.175mm","11.45mm","24.175mm","8.7mm","20.65mm","T","90.00","ADP5052"
"U2","SO8","28.9946mm","16.3978mm","28.9947mm","16.3978mm","27.0896mm","13.7946mm","T","90.00","LT3021-1.2"
"R110","RESC1608X55N","18.4mm","20.5mm","18.4mm","20.5mm","17.6mm","20.5mm","B","360.00","3k24"
"R109","RESC1608X55N","18.45mm","24.425mm","18.45mm","24.425mm","19.25mm","24.425mm","B","180.00","0"
"R108","RESC1608X55N","18.45mm","26.3mm","18.45mm","26.3mm","17.65mm","26.3mm","T","360.00","13k3"
"R107","RESC1608X55N","18.45mm","24.425mm","18.45mm","24.425mm","19.25mm","24.425mm","T","180.00","41k2"
"R106","RESC1608X55N","9.8mm","39.575mm","9.8mm","39.575mm","10.6mm","39.575mm","T","180.00","22k"
"R105","RESC1608X55N","12.875mm","39.55mm","12.875mm","39.55mm","12.075mm","39.55mm","T","360.00","22k"
"R104","RESC1608X55N","4.3mm","31mm","4.3mm","31mm","5.1mm","31mm","B","180.00","4k42"
"R103","RESC1608X55N","4.25mm","27.375mm","4.25mm","27.375mm","5.05mm","27.375mm","B","180.00","0"
"R102","RESC1608X55N","3.425mm","30.275mm","3.425mm","30.275mm","3.425mm","29.475mm","T","90.00","64k9"
"R101","RESC1608X55N","4.955mm","30.2249mm","4.955mm","30.2249mm","4.955mm","31.0249mm","T","270.00","16k2"
"R100","RESC1608X55N","6.825mm","17.575mm","6.825mm","17.575mm","6.825mm","18.375mm","B","270.00","8k66"
"R99","RESC1608X55N","1.7772mm","19.0781mm","1.7772mm","19.0781mm","1.7772mm","18.2781mm","T","90.00","0"
"R98","RESC1608X55N","1.7772mm","28.4499mm","1.7772mm","28.4499mm","1.7772mm","29.2499mm","T","270.00","0"
"R97","RESC1608X55N","89.425mm","59.55mm","89.425mm","59.55mm","88.625mm","59.55mm","T","360.00","49R9"
"R96","RESC1608X55N","89.4mm","57.6mm","89.4mm","57.6mm","88.6mm","57.6mm","T","360.00","49R9"
"R95","RESC1608X55N","89.375mm","55.6mm","89.375mm","55.6mm","88.575mm","55.6mm","T","360.00","49R9"
"R94","RESC1608X55N","89.425mm","53.575mm","89.425mm","53.575mm","88.625mm","53.575mm","T","360.00","49R9"
"R93","RESC1608X55N","97.05mm","96.4mm","97.05mm","96.4mm","96.25mm","96.4mm","T","360.00","4k7"
"R92","RESC1608X55N","97.05mm","97.875mm","97.05mm","97.875mm","96.25mm","97.875mm","T","360.00","4k7"
"R91","RESC1608X55N","102.475mm","35.65mm","102.475mm","35.65mm","103.275mm","35.65mm","T","180.00","4k7"
"R90","RESC1608X55N","103.3mm","41.425mm","103.3mm","41.425mm","103.3mm","40.625mm","T","90.00","4k7"
"R89","RESC1608X55N","145.375mm","90.5mm","145.375mm","90.5mm","144.575mm","90.5mm","T","360.00","Value"
"R88","RESC1608X55N","145.455mm","66.83mm","145.455mm","66.83mm","144.655mm","66.83mm","T","360.00","Value"
"R87","RESC1608X55N","145.4268mm","-4.9496mm","145.4268mm","-4.9496mm","144.6268mm","-4.9496mm","T","360.00","Value"
"R86","RESC1608X55N","116.625mm","41.8mm","116.625mm","41.8mm","116.625mm","42.6mm","T","270.00","4k7"
"R85","RESC1608X55N","119.8mm","72.175mm","119.8mm","72.175mm","119.8mm","71.375mm","T","90.00","4k7"
"R84","RESC1608X55N","145.4268mm","42.9504mm","145.4268mm","42.9504mm","144.6268mm","42.9504mm","T","360.00","Value"
"R83","RESC1608X55N","145.6528mm","18.7904mm","145.6528mm","18.7904mm","144.8528mm","18.7904mm","T","360.00","Value"
"R82","RESC1608X55N","125.95mm","99.225mm","125.95mm","99.225mm","125.15mm","99.225mm","T","360.00","10k"
"R81","RESC1608X55N","125.95mm","97.8417mm","125.95mm","97.8417mm","125.15mm","97.8417mm","T","0.00","10k"
"R80","RESC1608X55N","125.95mm","96.4583mm","125.95mm","96.4583mm","125.15mm","96.4583mm","T","360.00","10k"
"R79","RESC1608X55N","125.95mm","95.075mm","125.95mm","95.075mm","125.15mm","95.075mm","T","360.00","10k"
"R78","RESC1608X55N","125.95mm","93.6917mm","125.95mm","93.6917mm","125.15mm","93.6917mm","T","360.00","10k"
"R77","RESC1608X55N","125.95mm","90.925mm","125.95mm","90.925mm","125.15mm","90.925mm","T","360.00","10k"
"R76","RESC1608X55N","131.675mm","54.8658mm","131.675mm","54.8658mm","132.475mm","54.8658mm","T","180.00","49R9"
"R75","RESC1608X55N","131.675mm","56.7302mm","131.675mm","56.7302mm","132.475mm","56.7302mm","T","180.00","49R9"
"R74","RESC1608X55N","131.675mm","58.5947mm","131.675mm","58.5947mm","132.475mm","58.5947mm","T","180.00","49R9"
"R73","RESC1608X55N","131.675mm","60.4592mm","131.675mm","60.4592mm","132.475mm","60.4592mm","T","180.00","49R9"
"R72","RESC1608X55N","131.675mm","69.7815mm","131.675mm","69.7815mm","132.475mm","69.7815mm","T","180.00","49R9"
"R71","RESC1608X55N","131.675mm","47.4079mm","131.675mm","47.4079mm","132.475mm","47.4079mm","T","180.00","49R9"
"R70","RESC1608X55N","131.675mm","71.646mm","131.675mm","71.646mm","132.475mm","71.646mm","T","180.00","49R9"
"R69","RESC1608X55N","131.675mm","49.2724mm","131.675mm","49.2724mm","132.475mm","49.2724mm","T","180.00","49R9"
"R68","RESC1608X55N","131.675mm","73.5105mm","131.675mm","73.5105mm","132.475mm","73.5105mm","T","180.00","49R9"
"R67","RESC1608X55N","131.675mm","51.1368mm","131.675mm","51.1368mm","132.475mm","51.1368mm","T","180.00","49R9"
"R66","RESC1608X55N","131.675mm","75.375mm","131.675mm","75.375mm","132.475mm","75.375mm","T","180.00","49R9"
"R65","RESC1608X55N","131.675mm","53.0013mm","131.675mm","53.0013mm","132.475mm","53.0013mm","T","180.00","49R9"
"R64","RESC1608X55N","131.675mm","39.95mm","131.675mm","39.95mm","132.475mm","39.95mm","T","180.00","49R9"
"R63","RESC1608X55N","131.675mm","62.3237mm","131.675mm","62.3237mm","132.475mm","62.3237mm","T","180.00","49R9"
"R62","RESC1608X55N","131.675mm","41.8145mm","131.675mm","41.8145mm","132.475mm","41.8145mm","T","180.00","49R9"
"R61","RESC1608X55N","131.675mm","64.1881mm","131.675mm","64.1881mm","132.475mm","64.1881mm","T","180.00","49R9"
"R60","RESC1608X55N","131.675mm","66.0526mm","131.675mm","66.0526mm","132.475mm","66.0526mm","T","180.00","49R9"
"R59","RESC1608X55N","131.675mm","43.6789mm","131.675mm","43.6789mm","132.475mm","43.6789mm","T","180.00","49R9"
"R58","RESC1608X55N","131.675mm","67.9171mm","131.675mm","67.9171mm","132.475mm","67.9171mm","T","180.00","49R9"
"R57","RESC1608X55N","131.675mm","45.5434mm","131.675mm","45.5434mm","132.475mm","45.5434mm","T","180.00","49R9"
"R56","RESC1608X55N","104.1mm","37.525mm","104.1mm","37.525mm","104.9mm","37.525mm","T","180.00","0"
"R55","RESC1608X55N","104.075mm","39.1mm","104.075mm","39.1mm","104.875mm","39.1mm","T","180.00","0"
"R54","RESC1608X55N","104.325mm","65.25mm","104.325mm","65.25mm","103.525mm","65.25mm","T","360.00","49R9"
"R53","RESC1608X55N","116.05mm","72.675mm","116.05mm","72.675mm","116.05mm","71.875mm","T","90.00","49R9"
"R52","RESC1608X55N","104.35mm","66.7mm","104.35mm","66.7mm","103.55mm","66.7mm","T","360.00","49R9"
"R51","RESC1608X55N","114.61mm","72.675mm","114.61mm","72.675mm","114.61mm","71.875mm","T","90.00","49R9"
"R50","RESC1608X55N","113.17mm","72.675mm","113.17mm","72.675mm","113.17mm","71.875mm","T","90.00","49R9"
"R49","RESC1608X55N","111.73mm","72.675mm","111.73mm","72.675mm","111.73mm","71.875mm","T","90.00","49R9"
"R48","RESC1608X55N","110.29mm","72.675mm","110.29mm","72.675mm","110.29mm","71.875mm","T","90.00","49R9"
"R47","RESC1608X55N","108.85mm","72.675mm","108.85mm","72.675mm","108.85mm","71.875mm","T","90.00","49R9"
"R46","RESC1608X55N","104.325mm","68.275mm","104.325mm","68.275mm","105.125mm","68.275mm","T","180.00","49R9"
"R45","RESC1608X55N","123.675mm","39.425mm","123.675mm","39.425mm","124.475mm","39.425mm","B","180.00","3k01"
"R44","RESC3216X65N","144.2174mm","117.6708mm","144.2174mm","117.6708mm","145.6674mm","117.6708mm","T","180.00","0"
"R31","RESC1608X55N","4.25mm","27.375mm","4.25mm","27.375mm","5.05mm","27.375mm","T","180.00","31k6"
"Q2","SO8","11.5mm","34.3mm","11.5mm","34.3mm","13.405mm","36.9032mm","T","270.00","FDS9926A"
"X3","XTAL1140X470X160N","118.575mm","37.3mm","118.575mm","37.3mm","123.425mm","37.3mm","T","180.00","25MHz"
"P5","MOLEX_87832-1420","95.425mm","57.6mm","95.425mm","57.6mm","97.55mm","51.6mm","T","90.00","Family"
"L11","R0805","36.5887mm","27.2mm","36.6013mm","27.2mm","35.7887mm","27.2mm","T","0.00","3.6uH, 12.5A"
"L10","SD43","5.065mm","34.725mm","6.705mm","34.725mm","6.705mm","34.725mm","T","180.00","SD43"
"L9","SD43","17.665mm","31.975mm","16.025mm","31.975mm","16.025mm","31.975mm","T","360.00","SD43"
"L8","SD43","4.76mm","15.05mm","6.4mm","15.05mm","6.4mm","15.05mm","T","180.00","SD43"
"L7","INDC1608X95N","123.45mm","76.275mm","123.45mm","76.275mm","124.25mm","76.275mm","B","180.00","390R@100MHz"
"L6","INDC1608X95N","123.475mm","74.45mm","123.475mm","74.45mm","124.275mm","74.45mm","B","180.00","390R@100MHz"
"L5","INDC1608X95N","123.8mm","42.3mm","123.8mm","42.3mm","124.6mm","42.3mm","B","180.00","390R@100MHz"
"L4","INDC1608X95N","131.225mm","84.4mm","131.225mm","84.4mm","132.025mm","84.4mm","B","180.00","390R@100MHz"
"L3","INDC1608X95N","148.65mm","117.625mm","148.65mm","117.625mm","149.45mm","117.625mm","T","180.00","390R@100MHz"
"L2","INDC1608X95N","131.225mm","82.525mm","131.225mm","82.525mm","132.025mm","82.525mm","B","180.00","390R@100MHz"
"L1","SD43","14.425mm","14.06mm","14.425mm","15.7mm","14.425mm","15.7mm","T","270.00","SD43"
"JM18","JUMPER_0R","95.125mm","46.45mm","95.125mm","46.45mm","95.125mm","44.85mm","T","180.00","Jumper 0R"
"JM17","JUMPER_0R","120.95mm","-6.65mm","120.95mm","-6.65mm","120.95mm","-5.05mm","T","0.00","Jumper 0R"
"JM16","JUMPER_0R","127.95mm","-6.625mm","127.95mm","-6.625mm","127.95mm","-5.025mm","T","0.00","Jumper 0R"
"JM15","JUMPER_0R","106.6mm","-6.625mm","106.6mm","-6.625mm","106.6mm","-5.025mm","T","0.00","Jumper 0R"
"JM14","JUMPER_0R","113.6mm","-6.675mm","113.6mm","-6.675mm","113.6mm","-5.075mm","T","0.00","Jumper 0R"
"J7","HUBER-SUHNER_82_SMA-50-0-41/133_NE","121.925mm","116.05mm","121.925mm","116.05mm","121.925mm","116.05mm","T","0.00","Coax_1Female_1Shield"
"J6","HUBER-SUHNER_82_SMA-50-0-41/133_NE","95.625mm","116.175mm","95.625mm","116.175mm","95.625mm","116.175mm","T","0.00","Coax_1Female_1Shield"
"J5","TYCO_5-6605308-1","150.6261mm","101.5mm","145mm","101.5mm","146.27mm","97.055mm","T","90.00","RJ45"
"J2","TYCO_5-6605308-1","150.5039mm","30.0154mm","144.8778mm","30.0154mm","146.1478mm","25.5704mm","T","90.00","RJ45"
"J4","TYCO_5-6605308-1","150.6061mm","77.755mm","144.98mm","77.755mm","146.25mm","73.31mm","T","90.00","RJ45"
"J1","TYCO_5-6605308-1","150.5029mm","6.4254mm","144.8768mm","6.4253mm","146.1468mm","1.9804mm","T","90.00","RJ45"
"J3","TYCO_5-6605308-1","150.5279mm","54.0504mm","144.9018mm","54.0504mm","146.1718mm","49.6054mm","T","90.00","RJ45"
"D17","LED0603","31.1mm","25.725mm","31.1mm","25.725mm","30.3mm","25.725mm","T","180.00","LED0603"
"D16","LED0603","141.325mm","90.525mm","141.325mm","90.525mm","142.125mm","90.525mm","T","360.00","LED0603"
"D15","LED0603","141.4778mm","18.7903mm","141.4778mm","18.7904mm","142.2778mm","18.7903mm","T","360.00","LED0603"
"D14","LED0603","141.7592mm","66.8112mm","141.7592mm","66.8113mm","142.5592mm","66.8112mm","T","360.00","LED0603"
"D13","LED0603","142.1018mm","-4.9497mm","142.1018mm","-4.9496mm","142.9018mm","-4.9497mm","T","360.00","LED0603"
"D12","LED0603","142.131mm","42.9253mm","142.131mm","42.9253mm","142.931mm","42.9253mm","T","360.00","LED0603"
"D11","SOT190P230X110-4N","141.15mm","102.075mm","141.15mm","102.075mm","140.4mm","103.225mm","B","270.00","PRTR5V0U2X"
"D10","SOT190P230X110-4N","140.975mm","50.925mm","140.975mm","50.925mm","140.225mm","52.075mm","B","270.00","PRTR5V0U2X"
"D9","SOT190P230X110-4N","141.15mm","98.175mm","141.15mm","98.175mm","140.4mm","99.325mm","B","270.00","PRTR5V0U2X"
"D8","SOT190P230X110-4N","140.725mm","30.7mm","140.725mm","30.7mm","139.975mm","31.85mm","B","270.00","PRTR5V0U2X"
"D7","SOT190P230X110-4N","140.85mm","78.275mm","140.85mm","78.275mm","140.1mm","79.425mm","B","270.00","PRTR5V0U2X"
"D6","SOT190P230X110-4N","140.775mm","26.925mm","140.775mm","26.925mm","140.025mm","28.075mm","B","270.00","PRTR5V0U2X"
"D5","SOT190P230X110-4N","140.8mm","74.475mm","140.8mm","74.475mm","140.05mm","75.625mm","B","270.00","PRTR5V0U2X"
"D4","SOT190P230X110-4N","140.775mm","7.125mm","140.775mm","7.125mm","140.025mm","8.275mm","B","270.00","PRTR5V0U2X"
"D3","SOT190P230X110-4N","140.95mm","54.575mm","140.95mm","54.575mm","140.2mm","55.725mm","B","270.00","PRTR5V0U2X"
"D2","SOT190P230X110-4N","140.775mm","3.35mm","140.775mm","3.35mm","140.025mm","4.5mm","B","270.00","PRTR5V0U2X"
"C194","CAPC1608X87N","18.425mm","22.475mm","18.425mm","22.475mm","19.225mm","22.475mm","B","180.00","680pF"
"C193","CAPC3216X140N","5mm","38.6mm","5mm","38.6mm","6.5mm","38.6mm","T","180.00","10uF"
"C192","CAPC1608X87N","13.175mm","29.5mm","13.175mm","29.5mm","12.375mm","29.5mm","T","360.00","100nF"
"C191","CAPC1608X87N","18.475mm","26.3mm","18.475mm","26.3mm","19.275mm","26.3mm","B","180.00","15nF"
"C190","CAPC1608X87N","18.45mm","22.5mm","18.45mm","22.5mm","19.25mm","22.5mm","T","180.00","39pF"
"C189","CAPC1608X87N","92.95mm","102.6mm","92.95mm","102.6mm","93.75mm","102.6mm","T","180.00","100nF"
"C188","CAPC1608X87N","4.3mm","29.275mm","4.3mm","29.275mm","3.5mm","29.275mm","B","360.00","1.5nF"
"C187","CAPC3225X270N","17.275mm","36.2mm","17.275mm","36.2mm","15.775mm","36.2mm","T","360.00","100uF"
"C186","CAPC1608X87N","100.125mm","43.225mm","100.125mm","43.225mm","99.325mm","43.225mm","T","360.00","100nF"
"C185","CAPC1608X87N","114.225mm","115.225mm","114.225mm","115.225mm","114.225mm","114.425mm","T","90.00","10pF"
"C184","CAPC1608X87N","120.65mm","90.65mm","120.65mm","90.65mm","119.85mm","90.65mm","T","360.00","1uF"
"C183","CAPC1608X87N","113.675mm","91.875mm","113.675mm","91.875mm","113.675mm","91.075mm","T","90.00","1uF"
"C182","CAPC1608X87N","104.4mm","115.35mm","104.4mm","115.35mm","104.4mm","114.55mm","T","90.00","10pF"
"C181","CAPC1608X87N","100mm","103.575mm","100mm","103.575mm","100mm","102.775mm","T","90.00","1uF"
"C180","CAPC1608X87N","100mm","106.975mm","100mm","106.975mm","100mm","106.175mm","T","90.00","1uF"
"C179","CAPC2012X135N","97.525mm","102.55mm","97.525mm","102.55mm","98.425mm","102.55mm","T","180.00","10uF"
"C178","CAPC1608X87N","99.85mm","90.25mm","99.85mm","90.25mm","100.65mm","90.25mm","T","180.00","1uF"
"C177","CAPC1608X87N","109.475mm","97.05mm","109.475mm","97.05mm","110.275mm","97.05mm","T","180.00","1uF"
"C176","CAPC1608X87N","135.525mm","56.7333mm","135.525mm","56.7333mm","136.325mm","56.7333mm","T","180.00","100nF"
"C175","CAPC1608X87N","135.525mm","60.4667mm","135.525mm","60.4667mm","136.325mm","60.4667mm","T","180.00","100nF"
"C174","CAPC1608X87N","135.525mm","71.6667mm","135.525mm","71.6667mm","136.325mm","71.6667mm","T","180.00","100nF"
"C173","CAPC1608X87N","135.525mm","49.2667mm","135.525mm","49.2667mm","136.325mm","49.2667mm","T","180.00","100nF"
"C172","CAPC1608X87N","135.525mm","75.4mm","135.525mm","75.4mm","136.325mm","75.4mm","T","180.00","100nF"
"C171","CAPC1608X87N","135.525mm","53mm","135.525mm","53mm","136.325mm","53mm","T","180.00","100nF"
"C170","CAPC1608X87N","135.525mm","41.8mm","135.525mm","41.8mm","136.325mm","41.8mm","T","180.00","100nF"
"C169","CAPC1608X87N","135.525mm","64.2mm","135.525mm","64.2mm","136.325mm","64.2mm","T","180.00","100nF"
"C168","CAPC1608X87N","135.525mm","67.9333mm","135.525mm","67.9333mm","136.325mm","67.9333mm","T","180.00","100nF"
"C167","CAPC1608X87N","135.525mm","45.5333mm","135.525mm","45.5333mm","136.325mm","45.5333mm","T","180.00","100nF"
"C166","CAPC1608X87N","41.775mm","-7.3mm","41.775mm","-7.3mm","42.575mm","-7.3mm","T","180.00","1uF"
"C165","CAPC1608X87N","114.925mm","33.725mm","114.925mm","33.725mm","115.725mm","33.725mm","T","180.00","18pF"
"C164","CAPC1608X87N","121.975mm","33.625mm","121.975mm","33.625mm","122.775mm","33.625mm","T","180.00","18pF"
"C163","CAPC1608X87N","120.125mm","46.15mm","120.125mm","46.15mm","120.125mm","46.95mm","B","270.00","100nF"
"C162","CAPC1608X87N","116.9mm","68.325mm","116.9mm","68.325mm","116.9mm","67.525mm","B","90.00","100nF"
"C161","CAPC1608X87N","108.675mm","54mm","108.675mm","54mm","109.475mm","54mm","B","180.00","100nF"
"C160","CAPC1608X87N","117.625mm","46.075mm","117.625mm","46.075mm","117.625mm","46.875mm","B","270.00","100nF"
"C159","CAPC2012X135N","108.775mm","56.025mm","108.775mm","56.025mm","109.675mm","56.025mm","B","180.00","22uF"
"C158","CAPC1608X87N","122.475mm","68.275mm","122.475mm","68.275mm","122.475mm","67.475mm","B","90.00","100nF"
"C157","CAPC1608X87N","121.575mm","46.175mm","121.575mm","46.175mm","121.575mm","45.375mm","B","90.00","100nF"
"C156","CAPC1608X87N","125.3mm","48.925mm","125.3mm","48.925mm","126.1mm","48.925mm","B","180.00","100nF"
"C155","CAPC1608X87N","124.975mm","55mm","124.975mm","55mm","125.775mm","55mm","B","180.00","100nF"
"C154","CAPC1608X87N","125.025mm","62.775mm","125.025mm","62.775mm","125.825mm","62.775mm","B","180.00","100nF"
"C153","CAPC2012X135N","120.65mm","68.35mm","120.65mm","68.35mm","120.65mm","67.45mm","B","90.00","22uF"
"C152","CAPC1608X87N","118.75mm","68.35mm","118.75mm","68.35mm","118.75mm","67.55mm","B","90.00","100nF"
"C151","CAPC1608X87N","115mm","68.25mm","115mm","68.25mm","115mm","69.05mm","B","270.00","100nF"
"C150","CAPC1608X87N","108.6mm","48.95mm","108.6mm","48.95mm","109.4mm","48.95mm","B","180.00","100nF"
"C149","CAPC1608X87N","108.7mm","60.475mm","108.7mm","60.475mm","107.9mm","60.475mm","B","360.00","100nF"
"C148","CAPC2012X135N","112.8mm","68.2mm","112.8mm","68.2mm","112.8mm","69.1mm","B","270.00","22uF"
"C147","CAPC1608X87N","125.05mm","66.225mm","125.05mm","66.225mm","124.25mm","66.225mm","B","0.00","100nF"
"C146","CAPC1608X87N","124.975mm","59.7mm","124.975mm","59.7mm","124.175mm","59.7mm","B","0.00","100nF"
"C145","CAPC1608X87N","124.975mm","56.75mm","124.975mm","56.75mm","124.175mm","56.75mm","B","0.00","100nF"
"C144","CAPC1608X87N","124.975mm","52.025mm","124.975mm","52.025mm","124.175mm","52.025mm","B","0.00","100nF"
"C143","CAPC2012X135N","125.025mm","64.55mm","125.025mm","64.55mm","124.125mm","64.55mm","B","0.00","22uF"
"C46","CAPC1608X87N","6.5mm","30.225mm","6.5mm","30.225mm","6.5mm","31.025mm","T","270.00","100pF"
"C45","CAPC1608X85N","8.2mm","17.575mm","8.2mm","17.575mm","8.2mm","16.825mm","B","90.00","1.2nF"
"C44","CAPC1608X87N","6.45mm","18.275mm","6.45mm","18.275mm","5.65mm","18.275mm","T","360.00","100nF"
"C43","CAPC3216X140N","4.925mm","11.375mm","4.925mm","11.375mm","6.425mm","11.375mm","T","180.00","10uF"
"C42","CAPC1608X87N","9.575mm","17.575mm","9.575mm","17.575mm","9.575mm","16.775mm","B","90.00","15nF"
"C40","CAPC1608X87N","18.4751mm","18.7511mm","18.4751mm","18.7511mm","19.2751mm","18.7511mm","B","180.00","1.5nF"
"C37","CAPC3216X140N","18.475mm","13mm","18.475mm","13mm","18.475mm","14.5mm","T","270.00","10uF"
"C34","CAPC1608X87N","30.375mm","10.775mm","30.375mm","10.775mm","31.175mm","10.775mm","T","180.00","1uF"
"C32","CAPC2012X135N","11.075mm","17.425mm","11.075mm","17.425mm","11.075mm","16.525mm","T","90.00","4.7uF"
"C31","CAPC2012X135N","9.2mm","17.425mm","9.2mm","17.425mm","9.2mm","16.525mm","T","90.00","4.7uF"
"C30","CAPC2012X135N","18.275mm","28.35mm","18.275mm","28.35mm","19.175mm","28.35mm","T","180.00","4.7uF"
"X1","5X3.2_CRYSTAL","89.7542mm","3.7397mm","89.7542mm","3.7397mm","91.0542mm","2.4697mm","T","90.00","510BBA200M000BAG"
"U5","SOIC16W","36.725mm","38.07mm","41.425mm","33.625mm","41.425mm","33.625mm","T","180.00","N25Q256A13ESF40G"
"U4","SO8","82.8655mm","39.8793mm","82.8655mm","39.8792mm","80.9605mm","37.2761mm","T","90.00","M24C32-WMN6TP"
"U1","FGG484","65.5mm","31.5mm","65.5mm","31.5mm","55mm","21mm","T","90.00","XC7A50T-1FGG484C"
"T1","SOT95P230X110-3N","-6.6mm","54.5251mm","-6.6mm","54.525mm","-7.75mm","55.4751mm","T","0.00","BSH103"
"R38","RESC1608X55N","88.425mm","7.175mm","88.425mm","7.175mm","89.225mm","7.175mm","T","180.00","49R9"
"R37","RESC1608X55N","82.65mm","28.975mm","82.65mm","28.975mm","81.85mm","28.975mm","T","360.00","49R9"
"R36","RESC1608X55N","82.65mm","27mm","82.65mm","27mm","81.85mm","27mm","T","360.00","49R9"
"R35","RESC1608X55N","82.6mm","25mm","82.6mm","25mm","81.8mm","25mm","T","360.00","49R9"
"R34","RESC1608X55N","82.65mm","22.975mm","82.65mm","22.975mm","81.85mm","22.975mm","T","360.00","49R9"
"R33","RESC1608X55N","50.6mm","27.525mm","50.6mm","27.525mm","49.8mm","27.525mm","T","0.00","100"
"R24","RESC1608X55N","93.5mm","3.175mm","93.5mm","3.175mm","93.5mm","3.975mm","T","270.00","4k7"
"R23","RESC1608X55N","29.025mm","36.16mm","29.025mm","36.16mm","29.825mm","36.16mm","T","180.00","0"
"R22","RESC1608X55N","44.4mm","33.235mm","44.4mm","33.235mm","43.6mm","33.235mm","T","360.00","4k7"
"R21","RESC1608X55N","28.975mm","42.51mm","28.975mm","42.51mm","29.775mm","42.51mm","T","180.00","4k7"
"R20","RESC1608X55N","43.8mm","39.675mm","43.8mm","39.675mm","43.8mm","40.475mm","T","270.00","4k7"
"R19","RESC1608X55N","84.825mm","45.95mm","84.825mm","45.95mm","84.825mm","45.15mm","T","90.00","4k7"
"R18","RESC1608X55N","83.375mm","45.95mm","83.375mm","45.95mm","83.375mm","45.15mm","T","90.00","4k7"
"R17","RESC1608X55N","-5.3857mm","47.1204mm","-5.3857mm","47.1204mm","-6.1857mm","47.1204mm","T","0.00","4k7"
"R16","RESC1608X55N","-7.225mm","57.475mm","-7.225mm","57.475mm","-8.025mm","57.475mm","T","0.00","Value"
"R15","RESC1608X55N","-3.875mm","57.4mm","-3.875mm","57.4mm","-3.075mm","57.4mm","T","180.00","Value"
"R14","RESC1608X55N","82.55mm","30.85mm","82.55mm","30.85mm","81.75mm","30.85mm","T","360.00","2k2"
"R13","RESC1608X55N","32.775mm","31.21mm","32.775mm","31.21mm","33.575mm","31.21mm","T","180.00","0"
"R12","RESC1608X55N","81.375mm","86.3mm","81.375mm","86.3mm","80.575mm","86.3mm","T","0.00","51k"
"R11","RESC1608X55N","66.27mm","86.3mm","66.27mm","86.3mm","65.47mm","86.3mm","T","0.00","51k"
"R10","RESC1608X55N","51.165mm","86.3mm","51.165mm","86.3mm","50.365mm","86.3mm","T","0.00","51k"
"R9","RESC1608X55N","36.06mm","86.3mm","36.06mm","86.3mm","35.26mm","86.3mm","T","0.00","51k"
"R8","RESC1608X55N","20.955mm","86.3mm","20.955mm","86.3mm","20.155mm","86.3mm","T","0.00","51k"
"R7","RESC1608X55N","5.85mm","86.3mm","5.85mm","86.3mm","5.05mm","86.3mm","T","0.00","51k"
"R6","RESC1608X55N","81.5409mm","115.625mm","81.5409mm","115.625mm","80.7409mm","115.625mm","T","0.00","51k"
"R5","RESC1608X55N","66.3527mm","115.625mm","66.3527mm","115.625mm","65.5527mm","115.625mm","T","0.00","51k"
"R4","RESC1608X55N","51.1646mm","115.625mm","51.1646mm","115.625mm","50.3646mm","115.625mm","T","0.00","51k"
"R3","RESC1608X55N","35.9764mm","115.625mm","35.9764mm","115.625mm","35.1764mm","115.625mm","T","360.00","51k"
"R2","RESC1608X55N","20.7882mm","115.625mm","20.7882mm","115.625mm","19.9882mm","115.625mm","T","360.00","51k"
"R1","RESC1608X55N","5.6mm","115.625mm","5.6mm","115.625mm","4.8mm","115.625mm","T","0.00","51k"
"PB1","PB_TYCO_FSM2JSMA","-5.325mm","38mm","-5.325mm","38mm","-7.575mm","42.55mm","T","0.00","Push Button"
"P18","MOLEX_26-60-4020","-5.425mm","24.975mm","-5.425mm","24.975mm","-5.425mm","26.9562mm","T","270.00","KK®"
"P17","MOLEX_87832-1420","88.975mm","27mm","88.975mm","27mm","91.1mm","21mm","T","90.00","Family"
"SD12","GB042-34P-H10","79.3887mm","78.2mm","79.3887mm","78.2mm","76.1887mm","76.95mm","T","0.00","GB042-34P-H10"
"SD11","GB042-34P-H10","64.363mm","78.2mm","64.363mm","78.2mm","61.163mm","76.95mm","T","0.00","GB042-34P-H10"
"SD10","GB042-34P-H10","49.325mm","78.2mm","49.325mm","78.2mm","46.125mm","76.95mm","T","0.00","GB042-34P-H10"
"SD9","GB042-34P-H10","34.3115mm","78.2mm","34.3115mm","78.2mm","31.1115mm","76.95mm","T","0.00","GB042-34P-H10"
"SD8","GB042-34P-H10","19.05mm","78.2mm","19.05mm","78.2mm","15.85mm","76.95mm","T","0.00","GB042-34P-H10"
"SD7","GB042-34P-H10","3.875mm","78.2mm","3.875mm","78.2mm","0.675mm","76.95mm","T","0.00","GB042-34P-H10"
"SD6","GB042-34P-H10","79.0691mm","108.2mm","79.0691mm","108.2mm","75.8691mm","106.95mm","T","0.00","GB042-34P-H10"
"SD5","GB042-34P-H10","64mm","108.225mm","64mm","108.225mm","60.8mm","106.975mm","T","0.00","GB042-34P-H10"
"SD4","GB042-34P-H10","49.124mm","108.2mm","49.124mm","108.2mm","45.9241mm","106.95mm","T","0.00","GB042-34P-H10"
"SD3","GB042-34P-H10","34.0983mm","108.2mm","34.0983mm","108.2mm","30.8983mm","106.95mm","T","0.00","GB042-34P-H10"
"SD2","GB042-34P-H10","19.0726mm","108.2mm","19.0726mm","108.2mm","15.8726mm","106.95mm","T","0.00","GB042-34P-H10"
"SD1","GB042-34P-H10","4.0469mm","108.2mm","4.0469mm","108.2mm","0.8468mm","106.95mm","T","0.00","GB042-34P-H10"
"JM9","JUMPER_0R","90.25mm","38.3mm","90.25mm","38.3mm","88.65mm","38.3mm","T","90.00","Jumper 0R"
"JM8","JUMPER_0R","90.25mm","41.4333mm","90.25mm","41.4333mm","88.65mm","41.4333mm","T","90.00","Jumper 0R"
"JM7","JUMPER_0R","90.25mm","44.5667mm","90.25mm","44.5667mm","88.65mm","44.5667mm","T","90.00","Jumper 0R"
"JM6","JUMPER_0R","90.25mm","47.7mm","90.25mm","47.7mm","88.65mm","47.7mm","T","90.00","Jumper 0R"
"JM5","JUMPER_0R","77.425mm","58.95mm","77.425mm","58.95mm","75.825mm","58.95mm","T","90.00","Jumper 0R"
"JM4","JUMPER_0R","42.8526mm","12.6955mm","42.8526mm","12.6955mm","42.8526mm","11.0955mm","T","180.00","Jumper 0R"
"JM3","JUMPER_0R","47.0278mm","12.6955mm","47.0278mm","12.6955mm","47.0278mm","11.0955mm","T","180.00","Jumper 0R"
"JM2","JUMPER_0R","51.203mm","12.6955mm","51.203mm","12.6955mm","51.203mm","11.0955mm","T","180.00","Jumper 0R"
"JM1","JUMPER_0R","89.075mm","15.85mm","89.075mm","15.85mm","87.475mm","15.85mm","T","90.00","Jumper 0R"
"D1","LED0603","-3.05mm","55.0751mm","-3.05mm","55.075mm","-3.05mm","55.8751mm","T","90.00","LED0603"
"C136","CAPC3216X180N","74.9mm","22.65mm","74.9mm","22.65mm","74.9mm","21.15mm","B","90.00","100uF"
"C135","CAPC3216X180N","64.95mm","21.375mm","64.95mm","21.375mm","64.95mm","19.875mm","B","90.00","100uF"
"C134","CAPC3216X180N","63.975mm","24.95mm","63.975mm","24.95mm","62.475mm","24.95mm","B","360.00","100uF"
"C132","CAPC1608X87N","70.7mm","34.5251mm","70.7mm","34.525mm","71.5mm","34.5251mm","B","180.00","470nF"
"C131","CAPC1608X87N","63.0999mm","33.5mm","63.1mm","33.5mm","63.0999mm","34.3mm","B","270.00","470nF"
"C130","CAPC1608X87N","61.5749mm","33.3mm","61.575mm","33.3mm","61.5749mm","34.1mm","B","270.00","470nF"
"C129","CAPC1608X87N","59.5mm","32.4999mm","59.5mm","32.5mm","58.7mm","32.4999mm","B","360.00","4.7uF"
"C128","CAPC1608X87N","68.575mm","33.4751mm","68.575mm","33.475mm","68.575mm","34.2751mm","B","270.00","4.7uF"
"C127","CAPC2012X140N","71mm","36.7749mm","71mm","36.775mm","71mm","37.675mm","B","270.00","47uF"
"C118","CAPC1608X87N","67.3mm","25.575mm","67.3mm","25.575mm","67.3mm","24.775mm","B","90.00","4.7uF"
"C117","CAPC1608X87N","64.3499mm","34.05mm","64.35mm","34.05mm","64.3499mm","34.85mm","B","270.00","4.7uF"
"C116","CAPC1608X87N","71.425mm","28.475mm","71.425mm","28.475mm","72.225mm","28.475mm","B","180.00","4.7uF"
"C115","CAPC1608X87N","68.6mm","24.2mm","68.6mm","24.2mm","68.6mm","23.4mm","B","90.00","4.7uF"
"C114","CAPC3216X180N","70.75mm","25.05mm","70.75mm","25.05mm","70.75mm","23.55mm","B","90.00","100uF"
"C113","CAPC1608X87N","62.5mm","28.4999mm","62.5mm","28.5mm","61.7mm","28.4999mm","B","360.00","470nF"
"C112","CAPC1608X87N","60.4749mm","27.5mm","60.475mm","27.5mm","60.4749mm","28.3mm","B","270.00","470nF"
"C111","CAPC1608X87N","68.5499mm","27.575mm","68.55mm","27.575mm","68.5499mm","28.375mm","B","270.00","470nF"
"C106","CAPC1608X87N","62.4999mm","30.5001mm","62.5mm","30.5mm","62.4999mm","31.3mm","B","270.00","10nF"
"C104","CAPC1608X87N","64.375mm","31.15mm","64.375mm","31.15mm","64.375mm","30.35mm","B","90.00","100nF"
"C102","CAPC1608X87N","66.5499mm","29.25mm","66.55mm","29.25mm","66.5499mm","30.05mm","B","270.00","470nF"
"C101","CAPC1608X87N","60.5249mm","30.4mm","60.525mm","30.4mm","60.5249mm","31.2mm","B","270.00","470nF"
"C100","CAPC1608X87N","71.425mm","29.8mm","71.425mm","29.8mm","72.225mm","29.8mm","B","180.00","470nF"
"C99","CAPC1608X87N","65.7999mm","32.5mm","65.8mm","32.5mm","65.7999mm","33.3mm","B","270.00","470nF"
"C98","CAPC1608X87N","68.5mm","31.1251mm","68.5mm","31.125mm","69.3mm","31.1251mm","B","180.00","470nF"
"C97","CAPC1608X87N","55.175mm","31.5mm","55.175mm","31.5mm","55.175mm","32.3mm","B","270.00","470nF"
"C96","CAPC1608X87N","53.0999mm","30.025mm","53.1mm","30.025mm","52.3mm","30.025mm","B","360.00","470nF"
"C95","CAPC1608X87N","54.025mm","28.2999mm","54.025mm","28.3mm","53.225mm","28.2999mm","B","360.00","470nF"
"C94","CAPC1608X87N","54mm","26.9999mm","54mm","27mm","53.2mm","26.9999mm","B","360.00","470nF"
"C93","CAPC1608X87N","54.3mm","23.95mm","54.3mm","23.95mm","53.5mm","23.95mm","B","360.00","4.7uF"
"C92","CAPC1608X87N","56.5mm","22.5mm","56.5mm","22.5mm","56.5mm","21.7mm","B","90.00","4.7uF"
"C91","CAPC2012X140N","51.2mm","23.9001mm","51.2mm","23.9mm","51.2mm","23.0001mm","B","90.00","47uF"
"C90","CAPC1608X87N","56.4999mm","31.5mm","56.5mm","31.5mm","56.4999mm","32.3mm","B","270.00","470nF"
"C89","CAPC1608X87N","56.4999mm","25.325mm","56.5mm","25.325mm","55.6999mm","25.325mm","B","360.00","470nF"
"C88","CAPC1608X87N","59.2749mm","29.475mm","59.275mm","29.475mm","59.2749mm","30.275mm","B","270.00","470nF"
"C87","CAPC1608X87N","57.325mm","26.5751mm","57.325mm","26.575mm","58.125mm","26.5751mm","B","180.00","470nF"
"C86","CAPC1608X87N","59.3mm","25.5mm","59.3mm","25.5mm","59.3mm","24.7mm","B","90.00","4.7uF"
"C85","CAPC1608X87N","56.4999mm","29.4999mm","56.5mm","29.5mm","55.6999mm","29.4999mm","B","360.00","4.7uF"
"C84","CAPC2012X140N","41.45mm","26.2751mm","41.45mm","26.275mm","41.45mm","25.3751mm","B","90.00","47uF"
"C83","CAPC1608X87N","65.5249mm","38.55mm","65.525mm","38.55mm","65.5249mm","39.35mm","B","270.00","470nF"
"C82","CAPC1608X87N","56.4749mm","42.3mm","56.475mm","42.3mm","56.4749mm","43.1mm","B","270.00","470nF"
"C81","CAPC1608X87N","58.2749mm","36.125mm","58.275mm","36.125mm","58.2749mm","36.925mm","B","270.00","470nF"
"C80","CAPC1608X87N","60.6999mm","36.5249mm","60.7mm","36.525mm","59.8999mm","36.5249mm","B","360.00","470nF"
"C79","CAPC1608X87N","59.5499mm","34.55mm","59.55mm","34.55mm","59.5499mm","35.35mm","B","270.00","4.7uF"
"C78","CAPC1608X87N","77.9mm","34.0001mm","77.9mm","34mm","78.7mm","34.0001mm","B","180.00","4.7uF"
"C77","CAPC2012X140N","76.5249mm","35.65mm","76.525mm","35.65mm","77.4249mm","35.65mm","B","180.00","47uF"
"C76","CAPC1608X87N","68.4999mm","39.325mm","68.5mm","39.325mm","68.4999mm","40.125mm","B","270.00","470nF"
"C75","CAPC1608X87N","76.3mm","37.5251mm","76.3mm","37.525mm","77.1mm","37.5251mm","B","180.00","470nF"
"C74","CAPC1608X87N","70.525mm","20.7mm","70.525mm","20.7mm","70.525mm","19.9mm","B","90.00","470nF"
"C73","CAPC1608X87N","54.7mm","34.4999mm","54.7mm","34.5mm","53.9mm","34.4999mm","B","360.00","470nF"
"C72","CAPC1608X87N","54.0749mm","40.8499mm","54.075mm","40.85mm","53.2749mm","40.8499mm","B","360.00","4.7uF"
"C71","CAPC1608X87N","54.8mm","37.0001mm","54.8mm","37mm","55.6mm","37.0001mm","B","180.00","4.7uF"
"C70","CAPC2012X140N","53.4751mm","38.95mm","53.475mm","38.95mm","52.575mm","38.95mm","B","360.00","47uF"
"C69","CAPC1608X87N","60.2501mm","20.65mm","60.25mm","20.65mm","60.2501mm","19.85mm","B","90.00","470nF"
"C68","CAPC1608X87N","66.5751mm","22.55mm","66.575mm","22.55mm","66.5751mm","21.75mm","B","90.00","470nF"
"C67","CAPC1608X87N","67.025mm","19.175mm","67.025mm","19.175mm","67.025mm","18.375mm","B","90.00","470nF"
"C66","CAPC1608X87N","68.5001mm","20.675mm","68.5mm","20.675mm","68.5001mm","19.875mm","B","90.00","470nF"
"C65","CAPC1608X87N","63.2501mm","21.55mm","63.25mm","21.55mm","63.2501mm","20.75mm","B","90.00","4.7uF"
"C64","CAPC1608X87N","61.9001mm","20.65mm","61.9mm","20.65mm","61.9001mm","19.85mm","B","90.00","4.7uF"
"C63","CAPC2012X140N","56.65mm","19.1mm","56.65mm","19.1mm","56.65mm","18.2001mm","B","90.00","47uF"
"C62","CAPC1608X87N","72.55mm","32.55mm","72.55mm","32.55mm","73.35mm","32.55mm","B","180.00","470nF"
"C61","CAPC1608X87N","70.0001mm","42.225mm","70mm","42.225mm","70.0001mm","41.425mm","B","90.00","470nF"
"C60","CAPC1608X87N","66.7mm","41.4999mm","66.7mm","41.5mm","65.9mm","41.4999mm","B","360.00","470nF"
"C59","CAPC1608X87N","56.6749mm","38.4999mm","56.675mm","38.5mm","55.8749mm","38.4999mm","B","360.00","470nF"
"C58","CAPC1608X87N","59.9999mm","43.75mm","60mm","43.75mm","59.9999mm","44.55mm","B","270.00","4.7uF"
"C57","CAPC1608X87N","59.7mm","39.4999mm","59.7mm","39.5mm","58.9mm","39.4999mm","B","360.00","4.7uF"
"C56","CAPC2012X140N","51.6999mm","35.45mm","51.7mm","35.45mm","51.6999mm","34.55mm","B","90.00","47uF"
"C55","CAPC1608X87N","75.8mm","30.4001mm","75.8mm","30.4mm","76.6mm","30.4001mm","B","180.00","470nF"
"C54","CAPC1608X87N","73.3mm","36.5251mm","73.3mm","36.525mm","74.1mm","36.5251mm","B","180.00","470nF"
"C53","CAPC1608X87N","69.4999mm","36.575mm","69.5mm","36.575mm","69.4999mm","37.375mm","B","270.00","470nF"
"C52","CAPC1608X87N","76.275mm","27.5251mm","76.275mm","27.525mm","77.075mm","27.5251mm","B","180.00","470nF"
"C51","CAPC1608X87N","72.525mm","24.625mm","72.525mm","24.625mm","72.525mm","23.825mm","B","90.00","4.7uF"
"C50","CAPC1608X87N","74.15mm","33.825mm","74.15mm","33.825mm","74.95mm","33.825mm","B","180.00","4.7uF"
"C49","CAPC2012X140N","76.475mm","25.9mm","76.475mm","25.9mm","77.3749mm","25.9mm","B","180.00","47uF"
"C48","CAPC1608X87N","77.825mm","24.0001mm","77.825mm","24mm","78.625mm","24.0001mm","B","180.00","470nF"
"C47","CAPC1608X87N","73.2001mm","21.7mm","73.2mm","21.7mm","73.2001mm","20.9mm","B","90.00","470nF"
"C28","CAPC1608X87N","88.85mm","0.35mm","88.85mm","0.35mm","88.05mm","0.35mm","T","360.00","100nF"
"C27","CAPC1608X87N","44.4mm","34.9101mm","44.4mm","34.91mm","43.6mm","34.9101mm","T","360.00","100nF"
"C26","CAPC1608X87N","78.85mm","42.125mm","78.85mm","42.125mm","78.85mm","42.925mm","T","270.00","100nF"
"C25","CAPC1608X87N","-5.3856mm","45.3953mm","-5.3857mm","45.3954mm","-4.5856mm","45.3953mm","T","180.00","10nF"
"C24","CAPC1608X87N","84.425mm","85.2mm","84.425mm","85.2mm","84.425mm","86mm","T","270.00","10nF"
"C23","CAPC1608X87N","88.6503mm","85.2mm","88.6502mm","85.2mm","88.6503mm","86mm","T","270.00","100nF"
"C22","CAPC1608X87N","69.3903mm","85.2232mm","69.3902mm","85.2231mm","69.3903mm","86.0232mm","T","270.00","10nF"
"C21","CAPC1608X87N","73.2905mm","85.2232mm","73.2904mm","85.2231mm","73.2905mm","86.0232mm","T","270.00","100nF"
"C20","CAPC1608X87N","55.1907mm","85.0232mm","55.1906mm","85.0231mm","55.1907mm","85.8231mm","T","270.00","10nF"
"C19","CAPC1608X87N","59.2409mm","85.0232mm","59.2408mm","85.0231mm","59.2409mm","85.8231mm","T","270.00","100nF"
"C18","CAPC1608X87N","39.1161mm","85.0232mm","39.116mm","85.0231mm","39.1161mm","85.8231mm","T","270.00","10nF"
"C17","CAPC1608X87N","43.1663mm","85.0232mm","43.1662mm","85.0231mm","43.1663mm","85.8231mm","T","270.00","100nF"
"C16","CAPC1608X87N","27.8904mm","85.2769mm","27.8905mm","85.2769mm","27.8904mm","84.4769mm","T","90.00","10nF"
"C15","CAPC1608X87N","23.8403mm","85.2769mm","23.8403mm","85.2769mm","23.8403mm","84.4769mm","T","90.00","100nF"
"C14","CAPC1608X87N","8.3599mm","85.4232mm","8.3599mm","85.4231mm","8.3599mm","86.2232mm","T","270.00","10nF"
"C13","CAPC1608X87N","12.4101mm","85.4232mm","12.4101mm","85.4231mm","12.4101mm","86.2232mm","T","270.00","100nF"
"C12","CAPC1608X87N","85.4604mm","114.9981mm","85.4603mm","114.9981mm","85.4604mm","115.7982mm","T","270.00","10nF"
"C11","CAPC1608X87N","89.1855mm","114.9981mm","89.1855mm","114.9981mm","89.1855mm","115.7982mm","T","270.00","100nF"
"C10","CAPC1608X87N","69.7107mm","114.8731mm","69.7107mm","114.8731mm","69.7107mm","115.6732mm","T","270.00","10nF"
"C9","CAPC1608X87N","72.9359mm","114.8731mm","72.9358mm","114.8731mm","72.9359mm","115.6732mm","T","270.00","100nF"
"C8","CAPC1608X87N","53.8795mm","114.6732mm","53.8794mm","114.6731mm","53.8795mm","115.4732mm","T","270.00","10nF"
"C7","CAPC1608X87N","55.6001mm","114.675mm","55.6mm","114.675mm","55.6001mm","115.475mm","T","270.00","100nF"
"C6","CAPC1608X87N","38.5251mm","114.75mm","38.525mm","114.75mm","38.5251mm","115.55mm","T","270.00","10nF"
"C5","CAPC1608X87N","40.4001mm","114.75mm","40.4mm","114.75mm","40.4001mm","115.55mm","T","270.00","100nF"
"C4","CAPC1608X87N","23.2001mm","114.775mm","23.2mm","114.775mm","23.2001mm","115.575mm","T","270.00","10nF"
"C3","CAPC1608X87N","24.9501mm","114.775mm","24.95mm","114.775mm","24.9501mm","115.575mm","T","270.00","100nF"
"C2","CAPC1608X87N","8.1751mm","114.8mm","8.175mm","114.8mm","8.1751mm","115.6mm","T","270.00","10nF"
"C1","CAPC1608X87N","9.975mm","114.775mm","9.975mm","114.775mm","9.975mm","115.575mm","T","270.00","100nF"
"P1","BTH-030-01-F-D-A","64.782mm","4.698mm","64.782mm","4.698mm","57.532mm","1.612mm","B","360.00","BTH-030-01-FDA"
"P2","BTH-030-01-F-D-A","21.578mm","49.918mm","21.578mm","49.918mm","14.328mm","46.832mm","B","360.00","BTH-030-01-FDA"
"P3","BTH-030-01-F-D-A","64.782mm","49.918mm","64.782mm","49.918mm","57.532mm","46.832mm","B","360.00","BTH-030-01-FDA"
"P4","BTH-030-01-F-D-A","21.578mm","4.698mm","21.578mm","4.698mm","14.328mm","1.612mm","B","360.00","BTH-030-01-FDA"
"J8","COMATEL_385.0358.1.02.400","93.6mm","98.27mm","93.6mm","97mm","93.6mm","97mm","T","90.00","Test Point"
"C103","CAPC2012X135N","-1.4mm","24.925mm","-1.4mm","24.925mm","-1.4mm","24.025mm","B","90.00","4.7uF"
"R112","RESC1608X55N","16.125mm","16.025mm","16.125mm","16.025mm","16.125mm","16.825mm","B","270.00","4k7"
"R113","RESC1608X55N","11mm","15.05mm","11mm","15.05mm","11.8mm","15.05mm","B","180.00","4k7"
"R114","RESC1608X55N","9.5mm","30.225mm","9.5mm","30.225mm","9.5mm","29.425mm","B","90.00","4k7"
"R115","RESC1608X55N","18.475mm","27.875mm","18.475mm","27.875mm","17.675mm","27.875mm","B","360.00","4k7"
"C133","CAPC1608X87N","67.325mm","35.05mm","67.325mm","35.05mm","67.325mm","35.85mm","B","270.00","470nF"

